,Accuracy,Precision,Recall,F1 Score,ROC AUC
Logistic Regression,0.7077922077922078,0.6,0.5,0.5454545454545454,0.812962962962963
Random Forest,0.7402597402597403,0.6521739130434783,0.5555555555555556,0.6,0.8161111111111112
SVM,0.7402597402597403,0.6521739130434783,0.5555555555555556,0.6,0.7963888888888889
